Client,Industry,Platform,Content Type,Content Topic,Reach,Impressions,Likes,Comments,Clicks,Leads,Ad Spend,Performance Score
Client_6,Finance,Facebook,Video,Tutorial,5848,9687,616,51,203,16,0,100
Client_9,Tech,Instagram,Video,Tutorial,3819,6753,502,53,185,16,0,100
Client_1,Tech,Instagram,Text,Promo,10684,14304,640,54,323,43,162,100
Client_9,Fashion,Facebook,Reel,Tutorial,4455,8120,175,12,110,7,160,100
Client_2,Tech,Facebook,Video,News,3168,4029,151,10,89,6,0,100
Client_9,Finance,Facebook,Carousel,Tutorial,7952,10306,624,37,407,58,0,100
Client_7,Health,TikTok,Carousel,Tutorial,9317,12531,521,60,247,34,0,100
Client_2,Finance,LinkedIn,Text,News,7460,11332,841,46,306,19,0,100
Client_9,Tech,YouTube,Reel,BehindScenes,14338,23353,1355,187,296,39,0,100
Client_3,Finance,YouTube,Text,Education,16360,20765,1344,81,705,49,0,100
Client_3,Food,LinkedIn,Carousel,News,4074,6246,125,6,237,17,0,100
Client_4,Fashion,TikTok,Video,Education,12008,21595,1668,145,758,41,0,100
Client_2,Tech,TikTok,Carousel,Education,12678,21911,879,103,472,62,0,100
Client_9,Tech,Instagram,Image,Promo,5817,7712,241,21,239,21,0,100
Client_2,Tech,YouTube,Video,News,8309,12893,765,111,373,33,0,100
Client_9,Tech,Facebook,Text,Tutorial,2943,3569,108,8,60,6,67,66
Client_7,Food,LinkedIn,Text,Education,2371,2929,158,21,94,9,0,94
Client_2,Finance,LinkedIn,Text,Promo,6544,8278,452,63,268,18,282,100
Client_9,Fashion,TikTok,Text,BehindScenes,16153,17802,536,33,611,73,0,100
Client_7,Tech,Facebook,Carousel,Education,2774,4164,242,18,94,7,0,100
Client_9,Tech,LinkedIn,Reel,Promo,3984,6863,479,43,135,16,0,100
Client_1,Food,TikTok,Video,News,17434,19597,900,63,411,40,0,100
Client_1,Health,LinkedIn,Image,Promo,2430,4115,316,27,73,10,0,100
Client_2,Food,LinkedIn,Reel,News,8289,13808,759,96,535,79,260,100
Client_5,Fashion,TikTok,Video,News,13592,17508,1037,143,241,33,0,100
Client_7,Health,TikTok,Reel,Tutorial,14065,24915,773,101,572,72,182,100
Client_8,Finance,LinkedIn,Video,BehindScenes,9877,18457,1102,63,434,34,178,100
Client_3,Food,LinkedIn,Image,Tutorial,5683,8558,367,39,227,28,288,100
Client_8,Tech,Facebook,Text,Tutorial,1367,2155,60,7,33,2,0,46
Client_2,Tech,YouTube,Reel,Education,19277,33753,935,78,985,75,0,100
Client_10,Fashion,TikTok,Video,Promo,11359,13365,713,66,476,67,0,100
Client_5,Food,Facebook,Video,Tutorial,1032,1524,42,3,57,6,0,72
Client_3,Health,YouTube,Reel,Education,11070,14565,607,68,569,78,0,100
Client_2,Tech,Instagram,Reel,BehindScenes,4962,8960,542,64,92,9,165,100
Client_3,Finance,YouTube,Video,News,15415,29192,1263,93,609,53,278,100
Client_2,Food,Instagram,Text,Promo,5145,9085,423,62,338,26,0,100
Client_7,Finance,TikTok,Text,Promo,12790,21718,929,137,770,106,35,100
Client_4,Health,YouTube,Carousel,Promo,11685,14044,924,108,406,44,0,100
Client_3,Food,TikTok,Image,News,15577,20232,440,27,487,72,126,100
Client_7,Finance,LinkedIn,Text,BehindScenes,6005,8073,581,55,91,9,0,100
Client_9,Finance,TikTok,Video,Promo,19450,29097,1466,119,627,52,0,100
Client_4,Food,YouTube,Text,Tutorial,18604,33144,2088,160,727,73,0,100
Client_5,Food,Instagram,Reel,Tutorial,5402,9033,414,54,122,12,0,100
Client_4,Tech,YouTube,Image,Promo,10444,14557,556,34,487,43,0,100
Client_4,Tech,YouTube,Text,News,14772,18538,699,78,437,38,0,100
Client_8,Fashion,YouTube,Video,BehindScenes,13675,19922,647,55,652,83,0,100
Client_9,Tech,Facebook,Carousel,Tutorial,3287,5119,245,35,53,3,0,82
Client_5,Food,Instagram,Carousel,Education,5318,8194,475,40,211,27,0,100
Client_1,Tech,YouTube,Video,News,10258,13112,512,72,461,28,0,100
Client_2,Finance,Facebook,Video,Promo,2838,4276,104,12,135,9,0,100
Client_4,Food,YouTube,Carousel,Education,19624,23548,836,113,681,65,0,100
Client_1,Tech,Facebook,Video,Education,6040,11521,345,26,326,45,197,100
Client_8,Food,TikTok,Reel,Tutorial,15627,20526,663,70,607,78,0,100
Client_1,Fashion,Facebook,Video,News,7954,13680,883,99,501,43,0,100
Client_6,Finance,TikTok,Video,Tutorial,12631,19389,1432,168,286,41,0,100
Client_2,Tech,Instagram,Image,Tutorial,4738,6980,384,20,168,23,0,100
Client_1,Tech,YouTube,Text,BehindScenes,9061,15637,772,59,270,32,0,100
Client_10,Tech,Facebook,Text,Promo,4176,5912,323,41,158,20,210,100
Client_10,Tech,LinkedIn,Reel,Promo,4197,6417,444,65,192,23,0,100
Client_4,Food,LinkedIn,Image,Tutorial,9651,14944,327,34,491,72,293,100
Client_2,Fashion,TikTok,Reel,BehindScenes,9912,16998,1084,77,465,30,0,100
Client_7,Tech,Facebook,Image,Education,10974,20920,1375,145,395,34,101,100
Client_1,Finance,LinkedIn,Text,BehindScenes,3468,5931,173,19,78,6,254,77
Client_10,Tech,Instagram,Text,Tutorial,7321,11283,460,52,279,34,255,100
Client_10,Tech,Facebook,Carousel,News,4184,4893,185,11,90,7,0,90
Client_5,Tech,YouTube,Carousel,BehindScenes,16587,24310,1640,137,552,46,0,100
Client_1,Health,LinkedIn,Carousel,Education,2646,4955,277,39,120,16,139,100
Client_2,Finance,LinkedIn,Text,Education,3797,5405,154,19,197,26,0,100
Client_3,Fashion,YouTube,Image,News,11835,21025,1635,178,411,56,0,100
Client_5,Fashion,Instagram,Image,Tutorial,2731,4510,225,16,171,10,0,100
Client_3,Health,Instagram,Image,Tutorial,5485,7148,228,25,202,29,0,100
Client_7,Food,LinkedIn,Reel,News,9478,11716,311,36,193,25,44,100
Client_7,Finance,YouTube,Carousel,News,16075,24505,552,31,893,125,0,100
Client_7,Health,Facebook,Video,Promo,5308,7086,465,49,256,26,289,100
Client_4,Food,TikTok,Carousel,Education,23233,37636,759,89,503,72,41,100
Client_8,Food,Instagram,Text,Tutorial,5391,6699,305,17,101,14,213,100
Client_1,Fashion,YouTube,Carousel,BehindScenes,27298,42305,2159,123,1576,151,71,100
Client_7,Finance,Facebook,Reel,BehindScenes,6797,8759,459,27,250,32,0,100
Client_8,Finance,Instagram,Text,Tutorial,2126,3744,191,20,133,18,0,100
Client_8,Tech,Facebook,Image,Tutorial,4732,7006,522,58,140,7,247,100
Client_4,Tech,TikTok,Video,Education,9627,16494,462,46,352,38,0,100
Client_1,Fashion,TikTok,Reel,Tutorial,11116,19902,953,129,516,41,0,100
Client_9,Tech,LinkedIn,Reel,Tutorial,7509,8796,634,45,133,12,0,100
Client_3,Finance,YouTube,Reel,News,21316,29852,2311,311,605,61,249,100
Client_5,Finance,Instagram,Video,Promo,5457,7647,275,31,174,9,0,100
Client_3,Food,LinkedIn,Text,News,2587,3208,114,13,85,7,205,75
Client_10,Fashion,LinkedIn,Image,Education,4563,6501,426,32,252,34,0,100
Client_5,Finance,TikTok,Video,Tutorial,18945,31205,1369,144,340,31,0,100
Client_3,Fashion,TikTok,Reel,Promo,16521,18382,1146,94,660,35,0,100
Client_3,Health,YouTube,Image,Promo,15206,21842,956,135,818,83,0,100
Client_3,Tech,Instagram,Text,Tutorial,5243,9224,454,66,361,26,0,100
Client_4,Tech,LinkedIn,Reel,News,3400,5301,257,22,97,8,0,100
Client_6,Fashion,TikTok,Image,News,23404,44092,2361,182,1519,93,122,100
Client_3,Fashion,Facebook,Carousel,Promo,10014,16744,542,68,339,31,65,100
Client_10,Fashion,Facebook,Reel,Education,5438,8422,466,53,328,37,0,100
Client_5,Tech,Instagram,Reel,Education,5093,6590,301,20,122,15,0,100
Client_4,Health,Instagram,Carousel,Promo,1408,2370,77,10,67,7,0,65
Client_7,Finance,YouTube,Video,Promo,9165,11258,504,39,342,36,0,100
Client_7,Tech,Instagram,Text,Education,3829,5555,443,34,87,8,0,100
Client_1,Finance,TikTok,Text,Tutorial,18151,26972,1451,79,767,111,263,100
Client_8,Finance,YouTube,Carousel,News,18735,28438,741,63,808,81,0,100
Client_8,Food,LinkedIn,Carousel,BehindScenes,7067,12293,312,29,165,22,0,100
Client_6,Health,TikTok,Carousel,Promo,15663,22067,1090,112,567,34,281,100
Client_4,Fashion,YouTube,Text,Promo,10345,15165,910,136,155,17,0,100
Client_7,Fashion,Instagram,Text,BehindScenes,6451,9758,324,47,151,18,232,100
Client_10,Health,Instagram,Image,BehindScenes,5105,9105,641,64,243,12,0,100
Client_7,Fashion,Instagram,Video,BehindScenes,7470,12984,428,33,402,35,0,100
Client_7,Tech,Facebook,Carousel,BehindScenes,1930,2223,91,11,38,2,0,43
Client_7,Food,YouTube,Carousel,BehindScenes,8598,13755,689,95,354,26,0,100
Client_10,Finance,YouTube,Text,News,13443,22288,1186,110,740,40,152,100
Client_4,Tech,LinkedIn,Image,News,4411,5632,260,31,141,13,203,100
Client_6,Tech,YouTube,Image,Education,14819,26314,1584,95,494,71,0,100
Client_2,Fashion,LinkedIn,Video,Promo,7402,13304,574,46,230,21,0,100
Client_4,Tech,Instagram,Reel,Tutorial,9343,15499,1231,63,590,45,263,100
Client_7,Food,YouTube,Video,BehindScenes,12936,21457,505,31,642,34,0,100
Client_1,Food,Facebook,Video,Tutorial,11278,16596,387,31,415,33,24,100
Client_10,Health,YouTube,Reel,Promo,19854,23342,1834,254,913,64,0,100
Client_5,Health,TikTok,Carousel,BehindScenes,13667,19766,718,65,752,107,0,100
Client_8,Finance,YouTube,Reel,Tutorial,13345,17335,1123,102,405,44,0,100
Client_3,Finance,TikTok,Image,Education,11141,17705,676,35,614,74,0,100
Client_8,Health,YouTube,Image,Promo,20349,24070,1316,110,718,72,106,100
Client_6,Health,YouTube,Image,Tutorial,20859,33900,1997,217,1280,73,23,100
Client_4,Food,TikTok,Carousel,News,15018,26422,1343,195,986,54,51,100
Client_8,Finance,LinkedIn,Reel,News,2938,3812,145,20,69,8,246,67
Client_1,Food,Instagram,Carousel,News,6013,9964,272,36,379,25,0,100
Client_1,Tech,Facebook,Reel,News,5857,9801,294,23,288,42,0,100
Client_9,Tech,LinkedIn,Text,Promo,5687,10025,655,98,326,44,0,100
Client_6,Fashion,Instagram,Reel,Tutorial,4371,5182,398,34,66,5,71,93
Client_5,Food,YouTube,Text,Promo,19101,23707,1352,180,302,18,108,100
Client_3,Finance,YouTube,Image,Promo,13516,16347,1232,136,605,66,225,100
Client_4,Finance,LinkedIn,Text,Education,5064,9097,275,33,274,19,33,100
Client_5,Fashion,TikTok,Image,Tutorial,15268,18107,952,118,216,24,202,100
Client_10,Fashion,LinkedIn,Carousel,BehindScenes,5700,6780,251,17,261,20,0,100
Client_5,Health,Facebook,Carousel,Tutorial,3014,4898,104,6,143,11,0,100
Client_9,Finance,Facebook,Image,Tutorial,5406,6886,165,10,185,24,282,100
Client_7,Finance,TikTok,Image,Education,19806,26097,2054,280,424,52,290,100
Client_7,Food,LinkedIn,Text,News,6231,9485,535,54,281,40,0,100
Client_5,Health,YouTube,Image,Promo,15843,23660,1174,87,644,78,30,100
Client_8,Food,LinkedIn,Carousel,News,7930,11505,605,84,121,12,0,100
Client_2,Food,LinkedIn,Carousel,Education,4137,5859,249,18,100,13,187,100
Client_9,Food,YouTube,Carousel,Tutorial,8412,13545,941,48,272,24,0,100
Client_1,Food,Instagram,Carousel,Promo,6085,9107,601,79,184,16,0,100
Client_6,Finance,Facebook,Text,Promo,4529,7239,415,60,271,39,0,100
Client_7,Food,TikTok,Reel,Tutorial,8874,14721,1172,137,200,14,0,100
Client_10,Health,TikTok,Text,BehindScenes,15637,28023,1456,80,721,60,0,100
Client_2,Fashion,TikTok,Reel,Tutorial,11599,15622,416,43,559,36,0,100
Client_7,Food,Facebook,Text,BehindScenes,4947,7690,432,32,239,30,0,100
Client_8,Food,YouTube,Text,Education,14503,25985,1778,147,956,81,50,100
Client_1,Food,Facebook,Image,Tutorial,5038,9060,485,43,112,5,0,100
Client_9,Health,TikTok,Image,News,13087,24625,1022,121,262,23,203,100
Client_4,Food,LinkedIn,Video,BehindScenes,9885,11947,749,56,346,22,18,100
Client_9,Health,Facebook,Text,Promo,2505,3287,258,29,77,8,0,93
Client_5,Tech,LinkedIn,Video,Education,6616,11099,717,53,159,15,56,100
Client_10,Fashion,LinkedIn,Video,News,2799,3223,200,12,43,3,0,70
Client_2,Health,LinkedIn,Carousel,Promo,4942,6182,343,43,82,10,253,100
Client_2,Health,LinkedIn,Video,News,5410,8756,450,23,347,24,288,100
Client_4,Fashion,Instagram,Carousel,Promo,5709,7344,275,32,246,34,62,100
Client_7,Tech,LinkedIn,Image,Tutorial,2758,5086,352,45,154,16,121,100
Client_1,Tech,YouTube,Image,BehindScenes,12851,19129,556,80,764,78,0,100
Client_4,Finance,YouTube,Text,News,14532,19476,395,30,263,27,279,100
Client_6,Health,Facebook,Image,BehindScenes,7549,13608,521,63,507,50,221,100
Client_1,Food,YouTube,Carousel,News,18649,31719,1657,174,594,43,0,100
Client_5,Finance,YouTube,Video,Promo,9873,12866,811,51,488,34,0,100
Client_6,Health,Facebook,Reel,Promo,8454,14198,599,77,385,42,85,100
Client_10,Finance,YouTube,Carousel,Tutorial,23824,37521,1666,119,613,70,22,100
Client_9,Tech,Facebook,Image,Promo,6121,10349,359,38,149,15,0,100
Client_3,Food,Facebook,Video,BehindScenes,1734,2209,96,9,57,3,159,50
Client_7,Fashion,YouTube,Image,Education,14350,21778,1169,146,495,29,0,100
Client_1,Food,TikTok,Reel,BehindScenes,15656,17629,423,53,340,33,0,100
Client_6,Food,Facebook,Reel,BehindScenes,9324,17462,1226,121,506,27,121,100
Client_6,Fashion,LinkedIn,Text,Tutorial,4261,7897,343,36,156,20,113,100
Client_9,Health,Instagram,Carousel,Education,5358,7024,421,45,197,20,0,100
Client_4,Fashion,Facebook,Text,News,9621,14400,870,65,527,44,160,100
Client_10,Finance,YouTube,Video,Education,16942,26796,979,121,902,124,0,100
Client_3,Food,TikTok,Reel,News,13660,16428,521,35,291,20,32,100
Client_4,Fashion,Facebook,Video,Education,9655,18140,799,44,407,33,114,100
Client_1,Finance,YouTube,Text,News,13819,21648,789,118,854,88,234,100
Client_9,Tech,Facebook,Video,Promo,4202,6225,161,10,211,12,0,100
Client_3,Food,YouTube,Image,Tutorial,13260,18694,1421,162,655,65,170,100
Client_6,Food,Instagram,Text,Promo,4969,6142,343,35,141,8,0,100
Client_9,Fashion,Instagram,Image,News,1375,2183,78,10,44,5,0,60
Client_5,Health,TikTok,Video,Promo,29145,51064,1705,177,1443,94,254,100
Client_10,Finance,YouTube,Text,Education,13339,17820,560,41,654,82,47,100
Client_1,Fashion,Instagram,Carousel,Tutorial,3677,4354,264,37,49,3,0,79
Client_5,Food,Instagram,Carousel,News,7753,8886,365,49,352,31,0,100
Client_7,Tech,Instagram,Reel,News,9175,16771,1128,124,174,23,222,100
Client_6,Finance,Facebook,Carousel,News,1566,2556,104,13,98,12,260,91
Client_5,Food,Instagram,Video,Tutorial,3744,4801,103,6,154,11,0,100
Client_1,Tech,LinkedIn,Reel,BehindScenes,6658,9224,512,46,104,8,0,100
Client_10,Tech,TikTok,Image,Promo,20530,31412,1925,232,788,102,261,100
Client_7,Food,Instagram,Video,BehindScenes,4643,7082,463,60,97,12,0,100
Client_7,Food,YouTube,Image,News,19507,22268,1484,170,784,66,0,100
Client_3,Fashion,TikTok,Carousel,News,27328,40902,3038,371,1083,62,195,100
Client_7,Health,Instagram,Text,Education,1612,2565,187,9,53,3,0,74
Client_10,Tech,YouTube,Text,Tutorial,16282,25542,511,41,389,30,0,100
Client_5,Food,LinkedIn,Video,Tutorial,9796,16508,681,64,553,76,99,100
Client_9,Fashion,TikTok,Video,Education,22186,35283,967,75,467,57,290,100
Client_9,Finance,Facebook,Reel,Promo,2246,2635,179,17,94,10,0,100
Client_10,Fashion,YouTube,Image,Tutorial,22794,43217,1828,166,443,42,203,100
Client_3,Finance,YouTube,Text,Promo,16032,26499,2102,148,516,63,0,100
Client_4,Tech,LinkedIn,Reel,BehindScenes,8047,12185,817,109,332,34,256,100
Client_9,Food,LinkedIn,Text,Education,3246,4254,232,14,135,18,0,100
Client_9,Fashion,YouTube,Reel,News,24142,30793,2448,285,452,23,257,100
Client_6,Fashion,Facebook,Carousel,Promo,2534,3354,69,6,47,4,0,49
Client_5,Tech,TikTok,Text,Promo,15804,20387,796,96,316,29,157,100
Client_1,Health,Facebook,Text,Promo,5296,8804,362,49,207,27,0,100
Client_9,Tech,Instagram,Text,Tutorial,2731,4193,204,15,110,10,219,95
Client_3,Health,Facebook,Carousel,Tutorial,7159,11851,393,26,436,51,0,100
Client_1,Finance,LinkedIn,Carousel,News,3765,5573,284,18,103,10,0,100
Client_1,Fashion,Facebook,Text,Tutorial,4660,5375,229,14,190,26,0,100
Client_5,Health,Facebook,Image,Tutorial,4419,4900,108,9,88,10,0,99
Client_9,Tech,Instagram,Carousel,Promo,6563,8055,333,23,169,17,0,100
Client_2,Finance,YouTube,Video,News,29260,37912,1963,201,1510,143,234,100
Client_3,Tech,YouTube,Reel,Tutorial,8318,11032,842,79,126,11,0,100
Client_3,Food,LinkedIn,Video,Promo,7787,12190,853,120,464,48,0,100
Client_1,Health,LinkedIn,Image,News,7601,12356,385,46,422,37,0,100
Client_4,Health,Facebook,Image,Education,6535,10655,731,98,420,50,0,100
Client_7,Food,LinkedIn,Video,BehindScenes,7633,10017,436,36,281,22,287,100
Client_3,Tech,YouTube,Reel,Education,12495,20660,1379,120,426,48,0,100
Client_6,Food,YouTube,Reel,Education,29163,49862,3613,281,1208,157,116,100
Client_2,Food,YouTube,Image,News,16401,31331,979,122,572,29,56,100
Client_8,Tech,LinkedIn,Video,Tutorial,8376,11046,224,25,158,16,213,100
Client_10,Finance,TikTok,Video,Tutorial,16233,21613,1727,89,290,36,0,100
Client_5,Health,Facebook,Carousel,Education,6431,11213,642,94,322,29,0,100
Client_1,Tech,YouTube,Reel,Education,16187,22774,636,44,658,38,0,100
Client_6,Tech,Facebook,Reel,Promo,8881,15593,1015,114,580,38,122,100
Client_2,Food,YouTube,Reel,Tutorial,14149,19601,449,35,370,37,44,100
Client_2,Health,YouTube,Video,Promo,23419,31750,821,90,544,64,20,100
Client_7,Food,TikTok,Carousel,BehindScenes,9367,12305,534,39,462,33,0,100
Client_2,Health,LinkedIn,Text,BehindScenes,4754,5754,140,12,195,26,0,100
Client_8,Food,Instagram,Carousel,Tutorial,1285,1430,92,5,30,3,0,48
Client_9,Finance,YouTube,Video,BehindScenes,18511,28056,844,74,304,29,0,100
Client_6,Health,Instagram,Image,Tutorial,11013,18825,1428,155,394,27,125,100
Client_1,Food,YouTube,Video,Education,16626,27243,2126,229,1018,121,0,100
Client_2,Finance,LinkedIn,Text,Education,5934,8230,559,77,125,18,0,100
Client_7,Food,TikTok,Image,Education,16723,23367,1156,94,294,22,0,100
Client_3,Food,Facebook,Carousel,News,1828,3024,160,13,33,4,0,53
Client_3,Health,LinkedIn,Image,News,7008,11497,538,56,131,12,254,100
Client_10,Fashion,LinkedIn,Carousel,Education,4740,7600,504,64,199,15,0,100
Client_2,Health,Instagram,Carousel,News,7865,11560,424,58,359,48,0,100
Client_9,Finance,TikTok,Image,BehindScenes,21540,29652,1033,91,1079,77,294,100
Client_9,Health,LinkedIn,Image,BehindScenes,3610,6876,469,52,252,19,171,100
Client_7,Finance,Facebook,Text,Education,5221,9125,387,49,122,10,0,100
Client_5,Fashion,Facebook,Text,Tutorial,1600,2836,159,18,88,7,0,99
Client_10,Fashion,TikTok,Video,News,28506,48811,3570,187,821,47,181,100
Client_8,Tech,LinkedIn,Image,Tutorial,5518,9372,604,34,286,28,47,100
Client_9,Finance,Facebook,Reel,Education,2964,4812,340,48,137,18,0,100
Client_7,Food,LinkedIn,Reel,BehindScenes,1885,2918,204,29,90,5,0,100
Client_10,Food,TikTok,Image,BehindScenes,11182,15513,527,46,557,49,0,100
Client_1,Finance,TikTok,Text,Education,18060,28230,1335,131,589,40,0,100
Client_10,Food,LinkedIn,Image,Promo,8058,9977,355,35,102,6,105,100
Client_10,Health,TikTok,Image,News,16869,23399,1603,171,556,36,0,100
Client_7,Health,LinkedIn,Image,Tutorial,8976,12302,298,33,321,20,28,100
Client_10,Fashion,LinkedIn,Video,Education,6095,7747,488,25,95,7,0,100
Client_8,Tech,LinkedIn,Text,BehindScenes,7798,12039,405,48,468,31,0,100
Client_3,Food,TikTok,Text,Education,10221,11410,235,34,152,7,0,100
Client_3,Food,LinkedIn,Reel,Education,4529,8138,320,39,239,24,0,100
Client_3,Fashion,YouTube,Carousel,Promo,22653,39588,2760,272,1280,88,260,100
Client_10,Food,YouTube,Carousel,Tutorial,29190,40040,1478,177,793,72,82,100
Client_7,Tech,LinkedIn,Carousel,Tutorial,6195,9873,749,53,240,32,172,100
Client_5,Food,Instagram,Video,BehindScenes,4490,7835,173,19,260,29,0,100
Client_10,Food,YouTube,Reel,BehindScenes,24907,40376,1078,60,1401,186,177,100
Client_3,Fashion,YouTube,Video,Promo,12550,18151,1223,64,548,48,0,100
Client_2,Fashion,TikTok,Image,BehindScenes,13630,22457,640,65,655,51,0,100
Client_3,Health,YouTube,Image,Tutorial,19100,31537,1168,98,1114,56,0,100
Client_3,Finance,TikTok,Image,News,18911,23010,1305,147,540,61,0,100
Client_8,Finance,TikTok,Text,News,15792,29512,2018,171,980,81,209,100
Client_7,Finance,TikTok,Reel,Education,18933,22336,917,92,542,71,0,100
Client_8,Health,Instagram,Video,News,1811,2510,197,13,85,11,0,97
Client_10,Fashion,TikTok,Text,Education,12249,20479,481,67,277,39,0,100
Client_6,Fashion,LinkedIn,Text,BehindScenes,1951,2636,146,10,81,4,285,71
Client_8,Tech,LinkedIn,Text,Education,2532,3025,62,6,48,5,232,55
Client_1,Tech,Instagram,Reel,News,3550,5640,288,26,183,14,0,100
Client_6,Food,Facebook,Video,BehindScenes,2935,4547,250,28,66,6,0,89
Client_6,Health,TikTok,Text,Promo,9554,11222,265,38,229,26,0,100
Client_5,Finance,TikTok,Image,Tutorial,17071,31027,875,90,551,42,103,100
Client_8,Health,Facebook,Text,Tutorial,1597,2647,53,4,46,3,0,62
Client_5,Finance,Facebook,Video,BehindScenes,2218,3489,244,20,57,3,0,84
Client_4,Food,Facebook,Text,Promo,1975,2975,154,22,84,6,0,82
Client_8,Finance,LinkedIn,Video,Education,3660,6568,524,44,106,14,0,100
Client_1,Finance,TikTok,Video,Education,21300,37889,2603,146,881,111,79,100
Client_5,Fashion,Instagram,Video,BehindScenes,5607,8843,308,44,233,20,0,100
Client_6,Food,LinkedIn,Video,BehindScenes,3988,6217,327,23,163,10,0,100
Client_5,Fashion,Facebook,Text,Tutorial,2773,4723,357,38,123,11,0,100
Client_5,Health,Facebook,Reel,Education,9141,14558,988,131,444,55,121,100
Client_6,Health,Instagram,Reel,BehindScenes,4565,7416,316,15,220,12,0,100
Client_8,Fashion,Instagram,Reel,Education,1552,2591,88,12,75,8,0,80
Client_9,Tech,LinkedIn,Carousel,Education,2610,4595,199,16,159,17,0,100
Client_5,Fashion,LinkedIn,Carousel,BehindScenes,9625,15291,1219,103,597,67,255,100
Client_9,Fashion,Instagram,Carousel,Tutorial,1860,2334,123,15,71,9,34,82
Client_7,Finance,Instagram,Video,News,11767,15019,309,40,597,82,132,100
Client_8,Food,YouTube,Carousel,Education,16762,22192,1066,99,447,62,37,100
Client_3,Tech,YouTube,Reel,Tutorial,12471,16013,1011,55,173,21,0,100
Client_4,Fashion,YouTube,Video,Education,26715,44571,2775,327,1140,99,211,100
Client_1,Finance,YouTube,Reel,Education,19033,30780,707,77,1175,165,0,100
Client_9,Tech,YouTube,Text,News,12102,17371,1234,123,545,37,0,100
Client_9,Health,LinkedIn,Text,Education,2321,2792,100,8,31,3,0,54
Client_3,Food,Instagram,Carousel,Education,7262,12818,889,126,188,17,0,100
Client_10,Health,Facebook,Text,Education,1202,1798,78,11,48,4,0,64
Client_2,Finance,Facebook,Reel,Promo,9204,16644,1308,76,473,63,158,100
Client_7,Finance,LinkedIn,Reel,Promo,2637,3257,246,20,82,12,240,90
Client_7,Fashion,YouTube,Reel,Education,9673,15797,1058,149,507,58,0,100
Client_7,Fashion,Facebook,Carousel,Education,5112,8968,633,67,343,44,161,100
Client_4,Tech,YouTube,Reel,Education,11255,15537,890,123,591,66,0,100
Client_5,Food,LinkedIn,Carousel,Promo,4179,7326,552,73,252,31,95,100
Client_3,Food,LinkedIn,Carousel,Tutorial,1653,1984,120,8,45,2,248,53
Client_1,Tech,Facebook,Carousel,BehindScenes,7421,10751,301,37,336,27,0,100
Client_5,Health,Instagram,Image,Education,5298,9093,231,26,218,30,0,100
Client_7,Health,TikTok,Reel,Promo,17247,24139,490,68,700,70,190,100
Client_8,Tech,YouTube,Text,Education,17788,23916,1523,152,686,44,0,100
Client_4,Health,LinkedIn,Carousel,BehindScenes,5343,9683,555,41,147,20,268,100
Client_3,Fashion,Facebook,Text,BehindScenes,5836,9104,594,43,363,45,0,100
Client_5,Food,Facebook,Image,Tutorial,7287,11641,440,41,443,48,126,100
Client_7,Fashion,Facebook,Image,Promo,5097,9518,469,54,290,42,106,100
Client_2,Fashion,Facebook,Carousel,News,7306,13414,640,94,508,55,101,100
Client_4,Finance,TikTok,Carousel,Promo,21555,27257,555,48,1014,146,210,100
Client_9,Finance,Facebook,Video,Promo,5684,7029,177,20,94,11,0,100
Client_2,Tech,TikTok,Reel,Education,10273,13603,645,34,268,20,0,100
Client_1,Tech,Instagram,Carousel,Education,7867,9093,204,30,290,35,0,100
Client_9,Health,LinkedIn,Reel,Tutorial,1587,1964,151,8,75,7,34,90
Client_7,Fashion,Facebook,Carousel,Education,7881,13473,879,95,308,34,37,100
Client_6,Fashion,Facebook,Carousel,Promo,6658,9149,272,37,102,8,0,100
Client_9,Tech,TikTok,Video,BehindScenes,13996,19465,1442,119,575,56,0,100
Client_1,Health,Facebook,Video,Promo,5053,7183,473,53,89,6,0,100
Client_7,Food,TikTok,Reel,Education,18561,30077,1662,226,1001,101,0,100
Client_1,Fashion,LinkedIn,Video,News,1554,2310,51,7,36,2,235,26
Client_1,Food,YouTube,Video,News,10825,15526,878,111,599,83,0,100
Client_5,Health,Instagram,Image,BehindScenes,1695,1936,88,6,68,8,0,73
Client_5,Finance,TikTok,Reel,Promo,27823,48635,3399,328,672,78,10,100
Client_5,Fashion,YouTube,Video,Promo,10969,14226,636,51,162,18,0,100
Client_6,Health,LinkedIn,Carousel,News,4909,8659,683,75,128,10,0,100
Client_2,Fashion,YouTube,Carousel,Promo,19588,37558,1940,125,1095,154,51,100
Client_8,Finance,Instagram,Text,Tutorial,1723,2644,92,5,65,4,0,61
Client_9,Finance,LinkedIn,Image,Tutorial,2653,4709,322,29,62,7,0,87
Client_7,Health,Facebook,Video,Education,1480,2457,103,14,31,2,0,44
Client_6,Tech,LinkedIn,Text,Tutorial,4373,7216,202,20,224,30,0,100
Client_10,Food,YouTube,Image,News,13280,15776,1130,97,618,68,0,100
Client_5,Tech,Instagram,Image,News,4344,5625,310,45,179,13,0,100
Client_9,Food,LinkedIn,Image,Promo,5257,7529,390,36,153,10,0,100
Client_2,Finance,Instagram,Reel,Education,1118,1347,66,6,40,3,0,53
Client_3,Fashion,Instagram,Video,Tutorial,6337,7512,336,47,236,32,0,100
Client_2,Fashion,Facebook,Image,Education,7783,11907,870,76,212,11,0,100
Client_1,Fashion,Instagram,Text,News,5473,9734,449,36,350,41,0,100
Client_10,Fashion,LinkedIn,Image,News,5800,7730,322,40,159,10,0,100
Client_4,Food,LinkedIn,Video,Promo,6801,10180,222,19,215,27,0,100
Client_4,Finance,LinkedIn,Reel,Tutorial,9025,16808,390,24,658,65,229,100
Client_10,Finance,Facebook,Video,Education,2788,3952,237,32,121,15,189,100
Client_1,Food,TikTok,Carousel,Promo,16504,28436,1235,100,654,33,277,100
Client_10,Food,LinkedIn,Text,Promo,8929,11384,866,79,398,28,142,100
Client_6,Tech,TikTok,Video,Tutorial,26982,48438,1665,164,1862,108,13,100
Client_1,Health,Instagram,Video,Tutorial,10728,18113,381,33,257,35,11,100
Client_3,Fashion,LinkedIn,Carousel,Tutorial,2487,3009,153,12,115,6,0,100
Client_2,Health,Facebook,Reel,News,2535,3465,70,9,89,5,0,81
Client_10,Tech,YouTube,Reel,Tutorial,20565,31011,1086,146,895,59,29,100
Client_8,Fashion,Instagram,Video,BehindScenes,10200,18278,829,80,484,47,89,100
Client_6,Fashion,Instagram,Text,Promo,3345,5560,168,8,153,19,0,100
Client_9,Finance,LinkedIn,Text,News,6848,10729,544,62,149,20,0,100
Client_8,Finance,Instagram,Carousel,BehindScenes,1703,2117,56,2,32,2,0,38
Client_8,Food,TikTok,Carousel,Tutorial,9806,11677,606,59,408,54,0,100
Client_10,Finance,Instagram,Video,Promo,4330,5041,331,30,127,7,0,100
Client_1,Finance,YouTube,Image,BehindScenes,16049,18938,452,24,547,81,0,100
Client_7,Finance,Facebook,Text,Tutorial,10387,14316,622,52,340,27,47,100
Client_3,Fashion,YouTube,Image,News,19204,29043,2228,211,525,52,0,100
Client_4,Food,Facebook,Reel,Promo,7522,8559,248,26,132,10,0,100
Client_1,Health,Facebook,Image,Promo,2063,3525,125,8,101,12,0,100
Client_6,Tech,Instagram,Carousel,BehindScenes,7315,9177,365,25,353,34,0,100
Client_1,Tech,Instagram,Image,News,5566,9805,345,51,324,26,0,100
Client_7,Food,LinkedIn,Video,BehindScenes,6830,11678,675,81,253,24,0,100
Client_1,Fashion,Facebook,Text,BehindScenes,11694,17208,541,59,312,43,112,100
Client_7,Health,YouTube,Image,Education,23710,45060,2097,191,576,63,101,100
Client_3,Finance,Instagram,Image,BehindScenes,7410,11424,322,38,296,15,168,100
Client_9,Fashion,TikTok,Video,Education,19064,22469,1354,183,269,38,0,100
Client_6,Fashion,Instagram,Reel,News,2418,3622,85,8,86,9,0,85
Client_9,Health,LinkedIn,Text,Education,7062,7905,550,32,226,23,0,100
Client_10,Tech,LinkedIn,Reel,Education,5840,9925,368,30,241,23,0,100
Client_6,Finance,YouTube,Video,Education,15016,19352,1006,116,313,45,116,100
Client_6,Finance,TikTok,Video,News,18795,34035,736,90,1103,102,235,100
Client_3,Food,Instagram,Carousel,Promo,10764,13851,561,70,410,24,27,100
Client_8,Food,LinkedIn,Image,Education,7960,12174,486,25,152,16,143,100
Client_2,Fashion,Instagram,Text,BehindScenes,7038,8835,271,15,233,17,74,100
Client_5,Tech,Facebook,Video,Promo,5318,6948,381,46,276,36,0,100
Client_1,Tech,Facebook,Carousel,Tutorial,1868,2123,88,7,31,3,0,42
Client_1,Tech,LinkedIn,Video,Education,3783,6920,278,15,120,14,175,100
Client_10,Fashion,TikTok,Image,Tutorial,11169,16028,885,126,505,70,0,100
Client_9,Fashion,Instagram,Text,Promo,11409,15683,534,54,468,60,133,100
Client_5,Food,LinkedIn,Reel,News,2999,4965,390,50,144,8,0,100
Client_2,Health,TikTok,Video,News,29227,47857,3339,337,1161,171,193,100
Client_4,Finance,LinkedIn,Image,Education,5419,9552,307,43,341,37,0,100
Client_5,Food,TikTok,Image,News,10812,12733,437,22,157,11,0,100
Client_2,Fashion,LinkedIn,Text,News,7632,10856,641,34,233,25,0,100
Client_3,Fashion,TikTok,Carousel,Tutorial,12748,20039,515,36,598,34,0,100
Client_6,Tech,Facebook,Carousel,BehindScenes,7405,10598,582,58,351,25,188,100
Client_8,Fashion,YouTube,Image,News,18295,26864,887,79,720,56,260,100
Client_5,Tech,Facebook,Text,Education,11472,19552,1443,174,547,52,175,100
Client_3,Food,Instagram,Reel,Education,11319,17593,750,69,245,35,264,100
Client_6,Fashion,LinkedIn,Video,Tutorial,6090,10355,285,24,282,26,0,100
Client_2,Health,Instagram,Video,Education,7852,9800,256,13,390,43,0,100
Client_2,Fashion,TikTok,Carousel,Education,16606,23694,789,91,434,60,234,100
Client_9,Tech,Instagram,Image,Tutorial,6346,9273,592,72,368,36,0,100
Client_6,Health,Facebook,Video,BehindScenes,7543,12999,562,73,471,67,0,100
Client_5,Fashion,YouTube,Video,Education,17010,24703,1276,143,511,69,0,100
Client_6,Fashion,YouTube,Text,BehindScenes,17923,23600,753,106,516,66,0,100
Client_6,Food,TikTok,Image,BehindScenes,28377,50217,1493,210,751,74,68,100
Client_7,Food,TikTok,Image,BehindScenes,23608,43844,1002,146,1607,105,247,100
Client_8,Fashion,Facebook,Video,BehindScenes,6450,11272,595,54,180,24,67,100
Client_3,Food,Facebook,Text,BehindScenes,6252,8019,229,21,320,45,264,100
Client_7,Tech,LinkedIn,Video,Tutorial,1855,2051,115,7,72,6,0,82
Client_2,Tech,YouTube,Text,Promo,14647,21645,1028,122,545,52,0,100
Client_7,Fashion,Instagram,Text,BehindScenes,7122,11704,498,40,156,12,241,100
Client_8,Tech,YouTube,Reel,BehindScenes,18047,29640,1580,133,938,132,0,100
Client_7,Health,YouTube,Text,Tutorial,16291,21611,1074,91,806,42,0,100
Client_3,Finance,YouTube,Image,Education,16676,23892,728,60,570,82,0,100
Client_6,Tech,Facebook,Carousel,BehindScenes,2658,3464,73,6,95,11,0,92
Client_8,Food,YouTube,Text,BehindScenes,9614,14796,333,25,544,78,0,100
Client_4,Fashion,LinkedIn,Carousel,BehindScenes,3393,5996,227,30,86,12,0,100
Client_5,Tech,LinkedIn,Image,BehindScenes,4970,6681,517,26,237,18,0,100
Client_5,Fashion,Instagram,Carousel,Promo,2796,3772,93,11,49,5,111,61
Client_7,Tech,Facebook,Carousel,Promo,1195,1459,39,4,19,0,0,30
Client_1,Health,Facebook,Carousel,Education,6826,8322,576,35,298,40,0,100
Client_8,Fashion,Facebook,Video,Tutorial,4213,7465,275,28,192,21,0,100
Client_3,Health,Instagram,Video,Promo,1930,2395,84,5,60,3,0,56
Client_9,Finance,LinkedIn,Reel,Tutorial,7629,8502,632,92,267,20,0,100
Client_4,Fashion,LinkedIn,Reel,News,4700,5537,270,33,158,19,0,100
Client_10,Tech,Instagram,Reel,Tutorial,6045,7340,255,36,101,5,162,88
Client_2,Finance,YouTube,Reel,BehindScenes,19098,33315,2255,303,769,44,271,100
Client_1,Food,YouTube,Carousel,News,13801,20486,620,81,246,17,0,100
Client_8,Health,Facebook,Image,Tutorial,1389,1813,54,7,56,7,0,58
Client_7,Fashion,Instagram,Reel,News,8338,11560,772,64,323,21,135,100
Client_1,Finance,Instagram,Reel,BehindScenes,9997,12280,870,70,249,32,168,100
Client_3,Food,YouTube,Reel,Education,26517,50440,1790,206,1650,126,267,100
Client_7,Food,Facebook,Video,BehindScenes,2566,4222,159,21,59,3,0,64
Client_2,Food,TikTok,Reel,News,17936,24466,1825,153,399,50,0,100
Client_8,Finance,Facebook,Text,News,2802,3358,260,30,71,7,0,87
Client_6,Food,Instagram,Reel,Education,8343,16006,1145,104,513,34,250,100
Client_7,Health,YouTube,Video,BehindScenes,17529,29886,1174,91,714,42,73,100
Client_8,Finance,LinkedIn,Carousel,Promo,3996,6388,259,14,229,24,29,100
Client_6,Fashion,TikTok,Text,News,13059,23301,890,110,559,58,0,100
Client_9,Food,Facebook,Text,Education,3681,4229,300,19,98,10,0,100
Client_8,Fashion,YouTube,Video,Education,29007,34721,2027,128,913,126,24,100
Client_3,Health,Instagram,Carousel,Education,7304,9604,285,27,110,13,0,100
Client_4,Food,Instagram,Image,News,4776,6898,145,17,224,15,0,100
Client_4,Finance,YouTube,Text,News,14158,18776,656,62,540,69,0,100
Client_9,Health,TikTok,Video,Promo,13333,19065,539,31,331,43,0,100
Client_7,Fashion,LinkedIn,Carousel,Promo,5061,7111,155,19,119,13,0,100
Client_4,Tech,YouTube,Carousel,News,15187,19115,437,52,373,24,0,100
Client_3,Tech,Facebook,Video,Tutorial,2531,2890,205,18,45,4,0,69
Client_4,Tech,LinkedIn,Reel,Tutorial,6781,9550,525,42,233,20,0,100
Client_1,Fashion,Instagram,Image,Education,6426,11452,780,94,116,11,0,100
Client_9,Tech,TikTok,Image,BehindScenes,18030,30592,1677,204,342,48,0,100
Client_10,Health,Facebook,Image,News,1233,2186,68,9,46,4,0,59
Client_8,Food,Instagram,Image,Education,8755,15299,344,50,457,23,180,100
Client_2,Finance,YouTube,Image,Tutorial,9118,11372,446,55,356,48,0,100
Client_4,Finance,LinkedIn,Video,Promo,5008,5959,256,23,82,8,0,100
Client_5,Fashion,TikTok,Text,News,28312,42648,1561,190,687,37,215,100
Client_10,Tech,LinkedIn,Reel,BehindScenes,4656,5611,254,34,189,28,175,100
Client_10,Fashion,Instagram,Text,BehindScenes,1130,1773,73,7,56,6,0,62
Client_9,Health,Instagram,Image,Education,3684,5408,257,34,134,20,0,100
Client_3,Finance,TikTok,Video,BehindScenes,10889,18868,1094,155,531,26,0,100
Client_5,Health,YouTube,Carousel,Education,17849,24873,1052,119,865,79,0,100
Client_8,Fashion,TikTok,Reel,Education,20578,26425,1173,86,738,83,246,100
Client_7,Food,Facebook,Image,News,7398,11832,321,45,465,68,207,100
Client_4,Health,YouTube,Video,Tutorial,10032,13077,319,33,155,17,0,100
Client_1,Health,LinkedIn,Carousel,Promo,2202,2525,197,10,78,10,0,95
Client_2,Fashion,Instagram,Text,Tutorial,7101,11766,868,83,197,10,0,100
Client_8,Food,Instagram,Carousel,Promo,2854,3820,124,7,57,5,0,79
Client_1,Finance,LinkedIn,Text,Education,6317,8712,482,64,152,16,0,100
Client_1,Tech,LinkedIn,Carousel,News,4733,5947,424,38,179,25,0,100
Client_3,Fashion,TikTok,Video,Promo,8386,13102,672,69,406,28,0,100
Client_7,Health,YouTube,Reel,BehindScenes,16185,19546,1445,117,446,49,0,100
Client_2,Finance,LinkedIn,Video,Education,6524,8422,520,45,310,35,0,100
Client_6,Fashion,Facebook,Video,Education,9015,15982,654,77,320,45,80,100
Client_6,Health,Instagram,Carousel,News,2918,4789,215,27,188,12,0,100
Client_5,Finance,YouTube,Carousel,News,16411,23571,823,76,288,37,0,100
Client_7,Fashion,LinkedIn,Text,Tutorial,11421,17558,1063,98,264,32,293,100
Client_8,Health,Facebook,Text,Education,9895,18985,992,82,425,45,118,100
Client_1,Fashion,TikTok,Carousel,Promo,18380,22603,975,60,461,24,0,100
Client_8,Finance,LinkedIn,Video,BehindScenes,6546,10570,406,56,289,37,0,100
Client_1,Fashion,LinkedIn,Video,Promo,7384,12926,806,68,370,46,0,100
Client_10,Finance,TikTok,Video,Education,10008,11732,854,110,370,18,0,100
Client_5,Fashion,TikTok,Carousel,News,20286,35852,2438,194,1023,63,119,100
Client_10,Fashion,Instagram,Reel,Education,4383,5699,163,15,91,5,157,77
Client_5,Fashion,Instagram,Carousel,Tutorial,9372,13974,608,79,462,67,223,100
Client_4,Tech,Instagram,Image,Tutorial,3097,4257,199,15,163,9,0,100
Client_4,Fashion,TikTok,Reel,Education,11671,17651,956,121,601,65,0,100
Client_9,Tech,Facebook,Carousel,Tutorial,4365,5075,138,12,80,9,0,92
Client_1,Finance,YouTube,Carousel,News,19927,24906,1670,224,520,30,0,100
Client_5,Finance,Facebook,Carousel,News,4440,7444,435,32,250,27,0,100
Client_4,Finance,YouTube,Text,Promo,9610,11314,656,70,346,44,0,100
Client_9,Finance,TikTok,Image,Tutorial,22350,35768,1643,157,1184,149,160,100
Client_6,Finance,Instagram,Text,BehindScenes,7459,10256,296,26,150,9,0,100
Client_2,Health,YouTube,Reel,BehindScenes,16835,26090,787,46,826,64,0,100
Client_2,Health,Instagram,Reel,Promo,1780,2073,92,11,37,3,0,52
Client_3,Tech,Instagram,Text,BehindScenes,6362,8590,433,60,272,28,0,100
Client_9,Tech,YouTube,Image,Promo,9841,11124,614,61,133,15,0,100
Client_1,Health,Instagram,Reel,Tutorial,6828,12201,431,57,347,32,0,100
Client_6,Fashion,Facebook,Text,Education,9708,13593,983,71,464,43,24,100
Client_4,Fashion,Instagram,Image,Promo,2313,3611,81,4,68,8,230,71
Client_9,Finance,LinkedIn,Video,Promo,3690,6846,171,21,161,15,47,100
Client_4,Finance,LinkedIn,Carousel,BehindScenes,3012,4452,267,21,62,6,0,89
Client_1,Finance,Facebook,Carousel,BehindScenes,7744,10033,501,51,173,10,228,100
Client_2,Health,Instagram,Text,Tutorial,6515,9295,397,31,310,34,0,100
Client_3,Finance,Instagram,Image,News,4690,7025,212,26,128,15,149,100
Client_7,Finance,Instagram,Text,News,3408,4937,368,24,186,12,0,100
Client_8,Finance,Instagram,Video,News,3402,4915,346,51,115,11,0,100
Client_7,Health,LinkedIn,Carousel,Tutorial,4763,7783,213,23,88,12,0,100
Client_7,Fashion,YouTube,Image,Tutorial,18820,24444,1330,159,828,86,45,100
Client_4,Health,TikTok,Text,BehindScenes,16249,20392,844,45,624,57,0,100
Client_2,Fashion,LinkedIn,Video,Promo,1422,2092,90,5,76,3,0,69
Client_1,Finance,LinkedIn,Text,BehindScenes,3343,4102,274,37,156,8,185,100
Client_7,Finance,Instagram,Carousel,Education,3861,6008,220,13,229,20,0,100
Client_10,Tech,Facebook,Video,BehindScenes,1110,1291,41,3,21,1,0,32
Client_7,Finance,LinkedIn,Image,BehindScenes,5698,6681,145,21,95,7,0,100
Client_6,Health,YouTube,Video,BehindScenes,15427,23414,1497,80,601,72,0,100
Client_1,Food,TikTok,Carousel,BehindScenes,27250,48993,1544,150,1459,102,114,100
Client_1,Health,TikTok,Text,Education,12799,22350,1663,118,741,79,121,100
Client_1,Fashion,LinkedIn,Image,Tutorial,1676,2133,87,9,42,4,0,66
Client_8,Health,Facebook,Video,News,6494,10528,663,46,219,25,0,100
Client_5,Finance,YouTube,Text,News,19020,35636,1576,107,1055,76,93,100
Client_8,Tech,LinkedIn,Carousel,News,2907,3688,168,14,101,8,141,94
Client_4,Health,Facebook,Carousel,Tutorial,7983,10157,475,24,115,12,0,100
Client_8,Health,YouTube,Video,News,12716,21039,1442,81,405,24,0,100
Client_4,Health,Facebook,Video,Tutorial,5233,9382,626,37,288,19,139,100
Client_2,Finance,TikTok,Text,BehindScenes,15001,22906,1215,78,247,24,0,100
Client_5,Finance,LinkedIn,Video,Promo,5824,9969,240,19,341,41,0,100
Client_4,Fashion,Facebook,Carousel,News,7248,8846,271,14,346,18,68,100
Client_5,Finance,Facebook,Text,BehindScenes,8092,9675,439,59,379,50,149,100
Client_10,Tech,Instagram,Image,Education,11286,21284,1401,158,235,16,104,100
Client_6,Finance,Facebook,Video,BehindScenes,6460,9196,265,26,312,40,0,100
Client_3,Fashion,Instagram,Image,Tutorial,4823,6532,434,49,129,18,0,100
Client_10,Health,LinkedIn,Image,BehindScenes,6108,8204,291,43,233,11,179,100
Client_10,Food,Instagram,Reel,Education,2653,4593,199,22,158,13,295,100
Client_6,Health,Instagram,Reel,News,10786,13024,941,75,305,27,272,100
Client_7,Tech,Facebook,Reel,Promo,7343,9921,604,61,99,13,0,100
Client_2,Health,LinkedIn,Image,News,3606,6108,271,18,131,15,76,100
Client_8,Health,Facebook,Reel,Education,11826,16580,482,65,594,50,30,100
Client_8,Food,Instagram,Image,Education,1910,2715,189,15,43,2,0,66
Client_4,Fashion,TikTok,Text,Education,18261,22920,1716,247,755,75,0,100
Client_3,Food,YouTube,Image,News,15641,18012,1425,196,699,82,0,100
Client_4,Health,TikTok,Carousel,Promo,14520,22810,579,59,797,101,0,100
Client_5,Finance,LinkedIn,Reel,BehindScenes,6695,10212,525,39,316,24,0,100
Client_5,Health,TikTok,Text,News,9827,11217,753,85,248,28,0,100
Client_4,Tech,LinkedIn,Carousel,Promo,1628,1960,143,8,68,4,0,78
Client_6,Tech,LinkedIn,Reel,Tutorial,3928,6513,155,16,188,15,0,100
Client_1,Tech,LinkedIn,Image,News,6225,9476,208,27,121,15,281,100
Client_5,Fashion,Facebook,Text,Promo,3982,6793,302,23,267,29,206,100
Client_6,Finance,Facebook,Reel,BehindScenes,7407,9290,224,19,146,20,0,100
Client_3,Fashion,Facebook,Carousel,News,2401,3295,70,8,94,10,0,99
Client_6,Fashion,YouTube,Image,BehindScenes,14130,25139,701,103,466,58,0,100
Client_3,Fashion,YouTube,Video,Education,16058,20679,572,44,663,92,0,100
Client_6,Health,Instagram,Carousel,BehindScenes,5257,7200,567,53,101,9,0,100
